Workbook

Sheet End-to-End Master Plan
A1: Module | B1: Task | C1: Component | D1: Dependency | E1: Estimates (Days) | F1: Resource | G1: Planned Start Date | H1: Planned End Date | I1: Milestone
A2: All Modules | B2: Unified UI Wireframe & UX Research | C2: UI | D2: Project Start | E2: 6 | F2: UX Designer | G2: 06-Jan-2026 | H2: =WORKDAY(G2,E2-1,Holidays!$A$2:$A$5) -> 46035
A3: All Modules | B3: KT Sessions to New Resources | C3: Cross-Team | D3: UX Baseline Approved | E3: 5 | F3: Leads (Backend/UI/QA) | G3: 19-Jan-2026 | H3: =WORKDAY(G3,E3-1,Holidays!$A$2:$A$5) -> 46045 | I3: KT Completed
A4: All Modules | B4: Wireframe Review & Sign-off | C4: UI | D4: Unified UI Wireframe & UX Research | E4: 4 | F4: UX + Stakeholders | G4: 12-Jan-2026 | H4: =WORKDAY(G4,E4-1,Holidays!$A$2:$A$5) -> 46037 | I4: UX Baseline Approved
A5: Module 1: API Connector Master | B5: System Analysis | C5: Backend | D5: Development Kickoff | E5: 3 | F5: Backend Architect | G5: 03-Feb-2026 | H5: =WORKDAY(G5,E5-1,Holidays!$A$2:$A$5) -> 46058
A6: Module 1: API Connector Master | B6: Connector Module Implementation | C6: Backend | D6: System Analysis | E6: 5 | F6: Backend Team | G6: 03-Feb-2026 | H6: =WORKDAY(G6,E6-1,Holidays!$A$2:$A$5) -> 46062
A7: Module 1: API Connector Master | B7: Token Logic Implementation | C7: Backend | D7: Connector Module Implementation | E7: 4 | F7: Backend Team | G7: 03-Feb-2026 | H7: =WORKDAY(G7,E7-1,Holidays!$A$2:$A$5) -> 46059
A8: Module 1: API Connector Master | B8: Connector Model & Token Logic | C8: Backend | D8: Development Kickoff | E8: 14 | F8: Backend Team | G8: 03-Feb-2026 | H8: =WORKDAY(G8,E8-1,Holidays!$A$2:$A$5) -> 46073
A9: Module 1: API Connector Master | B9: API Connector UI | C9: UI | D9: UX Baseline Approved | E9: 12 | F9: UI Team | G9: 03-Feb-2026 | H9: =WORKDAY(G9,E9-1,Holidays!$A$2:$A$5) -> 46071
A10: Module 1: API Connector Master | B10: QA Test Scenario & Data Preparation | C10: QA | D10: Connector Model & Token Logic | E10: 4 | F10: QA Team | G10: 03-Feb-2026 | H10: =WORKDAY(G10,E10-1,Holidays!$A$2:$A$5) -> 46059
A11: Module 1: API Connector Master | B11: QA Functional & Integration Testing | C11: QA | D11: API Connector UI | E11: 6 | F11: QA Team | G11: 03-Feb-2026 | H11: =WORKDAY(G11,E11-1,Holidays!$A$2:$A$5) -> 46063
A12: Module 1: API Connector Master | B12: Backend Bug Fixing | C12: Backend | D12: QA Functional Testing | E12: 3 | F12: Backend Team | G12: 03-Feb-2026 | H12: =WORKDAY(G12,E12-1,Holidays!$A$2:$A$5) -> 46058
A13: Module 1: API Connector Master | B13: UI Bug Fixing | C13: UI | D13: QA Functional Testing | E13: 2 | F13: UI Team | G13: 03-Feb-2026 | H13: =WORKDAY(G13,E13-1,Holidays!$A$2:$A$5) -> 46057
A14: Module 1: API Connector Master | B14: QA Bug Retest & Stabilization | C14: QA | D14: Backend Bug Fixing & UI Bug Fixing | E14: 2 | F14: QA Team | G14: 03-Feb-2026 | H14: =WORKDAY(G14,E14-1,Holidays!$A$2:$A$5) -> 46057 | I14: Module 2 Complete
A15: Module 2: DB Connector Master | B15: System Analysis | C15: Backend | D15: Development Kickoff | E15: 3 | F15: Backend Architect | G15: 01-Feb-2026 | H15: =WORKDAY(G15,E15-1,Holidays!$A$2:$A$5) -> 46056
A16: Module 2: DB Connector Master | B16: Connector Module Implementation | C16: Backend | D16: System Analysis | E16: 5 | F16: Backend Team | G16: 01-Feb-2026 | H16: =WORKDAY(G16,E16-1,Holidays!$A$2:$A$5) -> 46058
A17: Module 2: DB Connector Master | B17: Token Logic Implementation | C17: Backend | D17: Connector Module Implementation | E17: 4 | F17: Backend Team | G17: 01-Feb-2026 | H17: =WORKDAY(G17,E17-1,Holidays!$A$2:$A$5) -> 46057
A18: Module 2: DB Connector Master | B18: DB Connector Backend & Pooling | C18: Backend | D18: Development Kickoff | E18: 14 | F18: Backend Team | G18: 01-Feb-2026 | H18: =WORKDAY(G18,E18-1,Holidays!$A$2:$A$5) -> 46071
A19: Module 2: DB Connector Master | B19: DB Connector UI | C19: UI | D19: UX Baseline Approved | E19: 10 | F19: UI Team | G19: 15-Feb-2026 | H19: =WORKDAY(G19,E19-1,Holidays!$A$2:$A$5) -> 46079
A20: Module 2: DB Connector Master | B20: QA Test Case Design & Query Validation | C20: QA | D20: DB Connector Backend & Pooling | E20: 4 | F20: QA Team | G20: 15-Feb-2026 | H20: =WORKDAY(G20,E20-1,Holidays!$A$2:$A$5) -> 46071
A21: Module 2: DB Connector Master | B21: QA Functional & Data Accuracy Testing | C21: QA | D21: DB Connector UI | E21: 6 | F21: QA Team | G21: 21-Feb-2026 | H21: =WORKDAY(G21,E21-1,Holidays!$A$2:$A$5) -> 46080
A22: Module 2: DB Connector Master | B22: Backend Bug Fixing | C22: Backend | D22: QA Functional Testing | E22: 3 | F22: Backend Team | G22: 01-Mar-2026 | H22: =WORKDAY(G22,E22-1,Holidays!$A$2:$A$5) -> 46084
A23: Module 2: DB Connector Master | B23: UI Bug Fixing | C23: UI | D23: QA Functional Testing | E23: 2 | F23: UI Team | G23: 01-Mar-2026 | H23: =WORKDAY(G23,E23-1,Holidays!$A$2:$A$5) -> 46083
A24: Module 2: DB Connector Master | B24: QA Bug Retest & Regression | C24: QA | D24: Backend Bug Fixing & UI Bug Fixing | E24: 2 | F24: QA Team | G24: 01-Mar-2026 | H24: =WORKDAY(G24,E24-1,Holidays!$A$2:$A$5) -> 46083 | I24: Module 3 Complete
A25: Module 3: Test Case Management | B25: Test Case CRUD & Versioning APIs | C25: Backend | D25: Module 2 Complete | E25: 20 | F25: Backend Team | G25: 10-Feb-2026 | H25: =WORKDAY(G25,E25-1,Holidays!$A$2:$A$5) -> 46091
A26: Module 3: Test Case Management | B26: Test Case Management UI | C26: UI | D26: UX Baseline Approved | E26: 18 | F26: UI Team | G26: 20-Feb-2026 | H26: =WORKDAY(G26,E26-1,Holidays!$A$2:$A$5) -> 46099
A27: Module 3: Test Case Management | B27: QA Test Case Design & Rule Matrix | C27: QA | D27: Test Case CRUD & Versioning APIs | E27: 5 | F27: QA Team | G27: 05-Mar-2026 | H27: =WORKDAY(G27,E27-1,Holidays!$A$2:$A$5) -> 46092
A28: Module 3: Test Case Management | B28: QA Functional & UI Validation | C28: QA | D28: Test Case Management UI | E28: 7 | F28: QA Team | G28: 11-Mar-2026 | H28: =WORKDAY(G28,E28-1,Holidays!$A$2:$A$5) -> 46100
A29: Module 3: Test Case Management | B29: Backend Bug Fixing | C29: Backend | D29: QA Functional Testing | E29: 3 | F29: Backend Team | G29: 21-Mar-2026 | H29: =WORKDAY(G29,E29-1,Holidays!$A$2:$A$5) -> 46105
A30: Module 3: Test Case Management | B30: UI Bug Fixing | C30: UI | D30: QA Functional Testing | E30: 2 | F30: UI Team | G30: 21-Mar-2026 | H30: =WORKDAY(G30,E30-1,Holidays!$A$2:$A$5) -> 46104
A31: Module 3: Test Case Management | B31: QA Bug Retest & Version Validation | C31: QA | D31: Backend Bug Fixing & UI Bug Fixing | E31: 3 | F31: QA Team | G31: 21-Mar-2026 | H31: =WORKDAY(G31,E31-1,Holidays!$A$2:$A$5) -> 46105 | I31: Test Case Creation Ready
A32: Module 4: Bulk Test Case Import | B32: Import Template Design (CSV/Excel) | C32: Backend | D32: Test Case Creation Ready | E32: 5 | F32: Backend + QA | G32: 01-Apr-2026 | H32: =WORKDAY(G32,E32-1,Holidays!$A$2:$A$5) -> 46119 | I32: Template Finalized
A33: Module 4: Bulk Test Case Import | B33: Bulk Import Parser & Validation | C33: Backend | D33: Import Template Design (CSV/Excel) | E33: 10 | F33: Backend Team | G33: 06-Apr-2026 | H33: =WORKDAY(G33,E33-1,Holidays!$A$2:$A$5) -> 46129
A34: Module 4: Bulk Test Case Import | B34: Bulk Import UI | C34: UI | D34: UX Baseline Approved | E34: 8 | F34: UI Team | G34: 05-Apr-2026 | H34: =WORKDAY(G34,E34-1,Holidays!$A$2:$A$5) -> 46126
A35: Module 4: Bulk Test Case Import | B35: QA Template Review & Test Data Prep | C35: QA | D35: Import Template Design (CSV/Excel) | E35: 3 | F35: QA Team | G35: 03-Apr-2026 | H35: =WORKDAY(G35,E35-1,Holidays!$A$2:$A$5) -> 46119
A36: Module 4: Bulk Test Case Import | B36: QA Bulk Import Functional Testing | C36: QA | D36: Bulk Import Parser & Validation | E36: 4 | F36: QA Team | G36: 19-Apr-2026 | H36: =WORKDAY(G36,E36-1,Holidays!$A$2:$A$5) -> 46134
A37: Module 4: Bulk Test Case Import | B37: Backend Bug Fixing | C37: Backend | D37: QA Functional Testing | E37: 3 | F37: Backend Team | G37: 25-Apr-2026 | H37: =WORKDAY(G37,E37-1,Holidays!$A$2:$A$5) -> 46140
A38: Module 4: Bulk Test Case Import | B38: UI Bug Fixing | C38: UI | D38: QA Functional Testing | E38: 2 | F38: UI Team | G38: 25-Apr-2026 | H38: =WORKDAY(G38,E38-1,Holidays!$A$2:$A$5) -> 46139
A39: Module 4: Bulk Test Case Import | B39: QA Bug Retest & Partial Success Validation | C39: QA | D39: Backend Bug Fixing & UI Bug Fixing | E39: 2 | F39: QA Team | G39: 25-Apr-2026 | H39: =WORKDAY(G39,E39-1,Holidays!$A$2:$A$5) -> 46139 | I39: Bulk Import Ready
A40: Module 5: Test Execution Engine | B40: Execution Engine Core Services | C40: Backend | D40: Module 4 Complete | E40: 20 | F40: Backend Team | G40: 01-Mar-2026 | H40: =WORKDAY(G40,E40-1,Holidays!$A$2:$A$5) -> 46108
A41: Module 5: Test Execution Engine | B41: Execution Trigger & Status UI | C41: UI | D41: UX Baseline Approved | E41: 12 | F41: UI Team | G41: 15-Mar-2026 | H41: =WORKDAY(G41,E41-1,Holidays!$A$2:$A$5) -> 46111
A42: Module 5: Test Execution Engine | B42: QA Test Scenario Design (Execution Flow) | C42: QA | D42: Execution Engine Core Services | E42: 4 | F42: QA Team | G42: 20-Mar-2026 | H42: =WORKDAY(G42,E42-1,Holidays!$A$2:$A$5) -> 46106
A43: Module 5: Test Execution Engine | B43: QA Execution & Parallel Run Testing | C43: QA | D43: Execution Trigger & Status UI | E43: 7 | F43: QA Team | G43: 01-Apr-2026 | H43: =WORKDAY(G43,E43-1,Holidays!$A$2:$A$5) -> 46121
A44: Module 5: Test Execution Engine | B44: Backend Bug Fixing | C44: Backend | D44: QA Functional Testing | E44: 3 | F44: Backend Team | G44: 11-Apr-2026 | H44: =WORKDAY(G44,E44-1,Holidays!$A$2:$A$5) -> 46126
A45: Module 5: Test Execution Engine | B45: UI Bug Fixing | C45: UI | D45: QA Functional Testing | E45: 2 | F45: UI Team | G45: 11-Apr-2026 | H45: =WORKDAY(G45,E45-1,Holidays!$A$2:$A$5) -> 46125
A46: Module 5: Test Execution Engine | B46: QA Bug Retest & Stability Validation | C46: QA | D46: Backend Bug Fixing & UI Bug Fixing | E46: 4 | F46: QA Team | G46: 11-Apr-2026 | H46: =WORKDAY(G46,E46-1,Holidays!$A$2:$A$5) -> 46127 | I46: Execution Engine Stable
A47: Module 6: Test Pack & Scheduling | B47: Scheduler & Pack Mapping APIs | C47: Backend | D47: Execution Engine Stable | E47: 10 | F47: Backend Team | G47: 01-Apr-2026 | H47: =WORKDAY(G47,E47-1,Holidays!$A$2:$A$5) -> 46126
A48: Module 6: Test Pack & Scheduling | B48: Test Pack UI & Scheduling | C48: UI | D48: UX Baseline Approved | E48: 8 | F48: UI Team | G48: 05-Apr-2026 | H48: =WORKDAY(G48,E48-1,Holidays!$A$2:$A$5) -> 46126
A49: Module 6: Test Pack & Scheduling | B49: QA Scheduling Scenario Design | C49: QA | D49: Scheduler & Pack Mapping APIs | E49: 3 | F49: QA Team | G49: 10-Apr-2026 | H49: =WORKDAY(G49,E49-1,Holidays!$A$2:$A$5) -> 46126
A50: Module 6: Test Pack & Scheduling | B50: QA Schedule Execution Testing | C50: QA | D50: Test Pack UI & Scheduling | E50: 3 | F50: QA Team | G50: 16-Apr-2026 | H50: =WORKDAY(G50,E50-1,Holidays!$A$2:$A$5) -> 46132
A51: Module 6: Test Pack & Scheduling | B51: Backend Bug Fixing | C51: Backend | D51: QA Functional Testing | E51: 3 | F51: Backend Team | G51: 21-Apr-2026 | H51: =WORKDAY(G51,E51-1,Holidays!$A$2:$A$5) -> 46135
A52: Module 6: Test Pack & Scheduling | B52: UI Bug Fixing | C52: UI | D52: QA Functional Testing | E52: 2 | F52: UI Team | G52: 21-Apr-2026 | H52: =WORKDAY(G52,E52-1,Holidays!$A$2:$A$5) -> 46134
A53: Module 6: Test Pack & Scheduling | B53: QA Bug Retest & Retry Validation | C53: QA | D53: Backend Bug Fixing & UI Bug Fixing | E53: 2 | F53: QA Team | G53: 21-Apr-2026 | H53: =WORKDAY(G53,E53-1,Holidays!$A$2:$A$5) -> 46134 | I53: Scheduling Ready
A54: Module 8: Validation Engine | B54: Sample Input & Expected Output File Preparation (UK Region) | C54: QA | D54: HSBC SME Input Dependency | E54: 5 | F54: HSBC + QA Team | G54: 05-May-2026 | H54: =WORKDAY(G54,E54-1,Holidays!$A$2:$A$5) -> 46153
A55: Module 8: Validation Engine | B55: Sample Input & Expected Output File Preparation (UK Region) | C55: QA | D55: HSBC SME Input Dependency | E55: 5 | F55: HSBC + QA Team | G55: 05-May-2026 | H55: =WORKDAY(G55,E55-1,Holidays!$A$2:$A$5) -> 46153
A56: Module 8: Validation Engine | B56: Validation Rule Engine & DB Compare | C56: Backend | D56: Execution Engine Stable | E56: 14 | F56: Backend Team | G56: 10-Apr-2026 | H56: =WORKDAY(G56,E56-1,Holidays!$A$2:$A$5) -> 46141
A57: Module 8: Validation Engine | B57: QA Rule Coverage & Expected Data Prep | C57: QA | D57: Validation Rule Engine & DB Compare | E57: 4 | F57: QA Team | G57: 25-Apr-2026 | H57: =WORKDAY(G57,E57-1,Holidays!$A$2:$A$5) -> 46141
A58: Module 8: Validation Engine | B58: QA Validation Accuracy Testing | C58: QA | D58: QA Rule Coverage & Expected Data Prep | E58: 4 | F58: QA Team | G58: 01-May-2026 | H58: =WORKDAY(G58,E58-1,Holidays!$A$2:$A$5) -> 46148
A59: Module 8: Validation Engine | B59: Backend Bug Fixing | C59: Backend | D59: QA Functional Testing | E59: 3 | F59: Backend Team | G59: 07-May-2026 | H59: =WORKDAY(G59,E59-1,Holidays!$A$2:$A$5) -> 46153
A60: Module 8: Validation Engine | B60: UI Bug Fixing | C60: UI | D60: QA Functional Testing | E60: 2 | F60: UI Team | G60: 07-May-2026 | H60: =WORKDAY(G60,E60-1,Holidays!$A$2:$A$5) -> 46150
A61: Module 8: Validation Engine | B61: QA Bug Retest & Rule Stabilization | C61: QA | D61: Backend Bug Fixing & UI Bug Fixing | E61: 4 | F61: QA Team | G61: 07-May-2026 | H61: =WORKDAY(G61,E61-1,Holidays!$A$2:$A$5) -> 46154 | I61: Validation Engine Ready
A62: Module 8: HTML Report & Audit | B62: HTML Report & Audit APIs | C62: Backend | D62: Validation Engine Ready | E62: 10 | F62: Backend Team | G62: 15-Apr-2026 | H62: =WORKDAY(G62,E62-1,Holidays!$A$2:$A$5) -> 46140
A63: Module 8: HTML Report & Audit | B63: Report View UI & Export | C63: UI | D63: UX Baseline Approved | E63: 8 | F63: UI Team | G63: 18-Apr-2026 | H63: =WORKDAY(G63,E63-1,Holidays!$A$2:$A$5) -> 46140
A64: Module 8: HTML Report & Audit | B64: QA Report Structure & Data Mapping Review | C64: QA | D64: HTML Report & Audit APIs | E64: 3 | F64: QA Team | G64: 25-Apr-2026 | H64: =WORKDAY(G64,E64-1,Holidays!$A$2:$A$5) -> 46140
A65: Module 8: HTML Report & Audit | B65: QA Report Functional & Export Testing | C65: QA | D65: Report View UI & Export | E65: 3 | F65: QA Team | G65: 01-May-2026 | H65: =WORKDAY(G65,E65-1,Holidays!$A$2:$A$5) -> 46147
A66: Module 8: HTML Report & Audit | B66: Backend Bug Fixing | C66: Backend | D66: QA Functional Testing | E66: 3 | F66: Backend Team | G66: 07-May-2026 | H66: =WORKDAY(G66,E66-1,Holidays!$A$2:$A$5) -> 46153
A67: Module 8: HTML Report & Audit | B67: UI Bug Fixing | C67: UI | D67: QA Functional Testing | E67: 2 | F67: UI Team | G67: 07-May-2026 | H67: =WORKDAY(G67,E67-1,Holidays!$A$2:$A$5) -> 46150
A68: Module 8: HTML Report & Audit | B68: QA Bug Retest & Audit Validation | C68: QA | D68: Backend Bug Fixing & UI Bug Fixing | E68: 2 | F68: QA Team | G68: 07-May-2026 | H68: =WORKDAY(G68,E68-1,Holidays!$A$2:$A$5) -> 46150 | I68: Reporting Ready
A69: Module 9: Execution Dashboard | B69: Execution Aggregation APIs | C69: Backend | D69: HTML Report & Audit APIs | E69: 10 | F69: Backend Team | G69: 20-Apr-2026 | H69: =WORKDAY(G69,E69-1,Holidays!$A$2:$A$5) -> 46146
A70: Module 9: Execution Dashboard | B70: Execution Dashboard UI | C70: UI | D70: UX Baseline Approved | E70: 8 | F70: UI Team | G70: 25-Apr-2026 | H70: =WORKDAY(G70,E70-1,Holidays!$A$2:$A$5) -> 46148
A71: Module 9: Execution Dashboard | B71: QA Dashboard Metric Validation | C71: QA | D71: Execution Aggregation APIs | E71: 3 | F71: QA Team | G71: 01-May-2026 | H71: =WORKDAY(G71,E71-1,Holidays!$A$2:$A$5) -> 46147
A72: Module 9: Execution Dashboard | B72: QA Dashboard UI & Data Testing | C72: QA | D72: Execution Dashboard UI | E72: 3 | F72: QA Team | G72: 06-May-2026 | H72: =WORKDAY(G72,E72-1,Holidays!$A$2:$A$5) -> 46150
A73: Module 9: Execution Dashboard | B73: Backend Bug Fixing | C73: Backend | D73: QA Functional Testing | E73: 3 | F73: Backend Team | G73: 11-May-2026 | H73: =WORKDAY(G73,E73-1,Holidays!$A$2:$A$5) -> 46155
A74: Module 9: Execution Dashboard | B74: UI Bug Fixing | C74: UI | D74: QA Functional Testing | E74: 2 | F74: UI Team | G74: 11-May-2026 | H74: =WORKDAY(G74,E74-1,Holidays!$A$2:$A$5) -> 46154
A75: Module 9: Execution Dashboard | B75: QA Bug Retest & Trend Validation | C75: QA | D75: Backend Bug Fixing & UI Bug Fixing | E75: 2 | F75: QA Team | G75: 11-May-2026 | H75: =WORKDAY(G75,E75-1,Holidays!$A$2:$A$5) -> 46154 | I75: Dashboard Ready
A76: Module 10: Test Coverage Dashboard | B76: Coverage Calculation APIs | C76: Backend | D76: Test Case Creation Ready | E76: 8 | F76: Backend Team | G76: 15-May-2026 | H76: =WORKDAY(G76,E76-1,Holidays!$A$2:$A$5) -> 46168
A77: Module 10: Test Coverage Dashboard | B77: Coverage Dashboard UI | C77: UI | D77: UX Baseline Approved | E77: 8 | F77: UI Team | G77: 15-May-2026 | H77: =WORKDAY(G77,E77-1,Holidays!$A$2:$A$5) -> 46168
A78: Module 10: Test Coverage Dashboard | B78: QA Coverage Rule Mapping Review | C78: QA | D78: Coverage Calculation APIs | E78: 3 | F78: QA Team | G78: 15-May-2026 | H78: =WORKDAY(G78,E78-1,Holidays!$A$2:$A$5) -> 46161
A79: Module 10: Test Coverage Dashboard | B79: QA Coverage Accuracy Testing | C79: QA | D79: Coverage Dashboard UI | E79: 3 | F79: QA Team | G79: 15-May-2026 | H79: =WORKDAY(G79,E79-1,Holidays!$A$2:$A$5) -> 46161
A80: Module 10: Test Coverage Dashboard | B80: Backend Bug Fixing | C80: Backend | D80: QA Functional Testing | E80: 3 | F80: Backend Team | G80: 15-May-2026 | H80: =WORKDAY(G80,E80-1,Holidays!$A$2:$A$5) -> 46161
A81: Module 10: Test Coverage Dashboard | B81: UI Bug Fixing | C81: UI | D81: QA Functional Testing | E81: 2 | F81: UI Team | G81: 15-May-2026 | H81: =WORKDAY(G81,E81-1,Holidays!$A$2:$A$5) -> 46160
A82: Module 10: Test Coverage Dashboard | B82: QA Bug Retest & Coverage Stabilization | C82: QA | D82: Backend Bug Fixing & UI Bug Fixing | E82: 2 | F82: QA Team | G82: 15-May-2026 | H82: =WORKDAY(G82,E82-1,Holidays!$A$2:$A$5) -> 46160 | I82: Coverage Ready
A83: Module 11: Health Check & System Monitoring | B83: Health Check API Design & Contract | C83: Backend | D83: Development Kickoff | E83: 3 | F83: Backend Architect | G83: 15-May-2026 | H83: =WORKDAY(G83,E83-1,Holidays!$A$2:$A$5) -> 46161
A84: Module 11: Health Check & System Monitoring | B84: Service-Level Health Check APIs (API/DB/Token) | C84: Backend | D84: Health Check API Design & Contract | E84: 7 | F84: Backend Team | G84: 15-May-2026 | H84: =WORKDAY(G84,E84-1,Holidays!$A$2:$A$5) -> 46167
A85: Module 11: Health Check & System Monitoring | B85: Health Status UI (Optional / Admin View) | C85: UI | D85: UX Baseline Approved | E85: 5 | F85: UI Team | G85: 15-May-2026 | H85: =WORKDAY(G85,E85-1,Holidays!$A$2:$A$5) -> 46163
A86: Module 11: Health Check & System Monitoring | B86: QA Health Scenario Design | C86: QA | D86: Health Check API Design & Contract | E86: 2 | F86: QA Team | G86: 15-May-2026 | H86: =WORKDAY(G86,E86-1,Holidays!$A$2:$A$5) -> 46160
A87: Module 11: Health Check & System Monitoring | B87: QA Health Check Validation | C87: QA | D87: Service-Level Health Check APIs (API/DB/Token) | E87: 4 | F87: QA Team | G87: 15-May-2026 | H87: =WORKDAY(G87,E87-1,Holidays!$A$2:$A$5) -> 46162 | I87: Health Check Ready
A88: Module 12: User Management & Security | B88: Auth Strategy & RBAC Design | C88: Backend | D88: Development Kickoff | E88: 5 | F88: Backend Architect | G88: 15-May-2026 | H88: =WORKDAY(G88,E88-1,Holidays!$A$2:$A$5) -> 46163
A89: Module 12: User Management & Security | B89: Auth APIs & Middleware | C89: Backend | D89: Auth Strategy & RBAC Design | E89: 18 | F89: Backend Team | G89: 15-May-2026 | H89: =WORKDAY(G89,E89-1,Holidays!$A$2:$A$5) -> 46182
A90: Module 12: User Management & Security | B90: User / Role / Login UI | C90: UI | D90: UX Baseline Approved | E90: 15 | F90: UI Team | G90: 15-May-2026 | H90: =WORKDAY(G90,E90-1,Holidays!$A$2:$A$5) -> 46177
A91: Module 12: User Management & Security | B91: QA Test Scenario & Test Case Design | C91: QA | D91: Auth Strategy & RBAC Design | E91: 5 | F91: QA Team | G91: 15-May-2026 | H91: =WORKDAY(G91,E91-1,Holidays!$A$2:$A$5) -> 46163
A92: Module 12: User Management & Security | B92: QA Functional Testing | C92: QA | D92: Auth APIs & Middleware | E92: 7 | F92: QA Team | G92: 15-May-2026 | H92: =WORKDAY(G92,E92-1,Holidays!$A$2:$A$5) -> 46167
A93: Module 12: User Management & Security | B93: Backend Bug Fixing | C93: Backend | D93: QA Functional Testing | E93: 3 | F93: Backend Team | G93: 15-May-2026 | H93: =WORKDAY(G93,E93-1,Holidays!$A$2:$A$5) -> 46161
A94: Module 12: User Management & Security | B94: UI Bug Fixing | C94: UI | D94: QA Functional Testing | E94: 2 | F94: UI Team | G94: 15-May-2026 | H94: =WORKDAY(G94,E94-1,Holidays!$A$2:$A$5) -> 46160
A95: Module 12: User Management & Security | B95: QA Bug Retest & Regression | C95: QA | D95: Backend Bug Fixing & UI Bug Fixing | E95: 3 | F95: QA Team | G95: 15-May-2026 | H95: =WORKDAY(G95,E95-1,Holidays!$A$2:$A$5) -> 46161 | I95: Module 1 Complete
A96: Module 12: Configuration Master Data | B96: Master Data CRUD & RBAC APIs | C96: Backend | D96: Module 1 Complete | E96: 12 | F96: Backend Team | G96: 15-May-2026 | H96: =WORKDAY(G96,E96-1,Holidays!$A$2:$A$5) -> 46174
A97: Module 12: Configuration Master Data | B97: Configuration Screens UI | C97: UI | D97: UX Baseline Approved | E97: 10 | F97: UI Team | G97: 15-May-2026 | H97: =WORKDAY(G97,E97-1,Holidays!$A$2:$A$5) -> 46170
A98: Module 12: Configuration Master Data | B98: QA Master Data Scenario Design | C98: QA | D98: Master Data CRUD & RBAC APIs | E98: 3 | F98: QA Team | G98: 15-May-2026 | H98: =WORKDAY(G98,E98-1,Holidays!$A$2:$A$5) -> 46161
A99: Module 12: Configuration Master Data | B99: QA CRUD & RBAC Validation | C99: QA | D99: Configuration Screens UI | E99: 3 | F99: QA Team | G99: 15-May-2026 | H99: =WORKDAY(G99,E99-1,Holidays!$A$2:$A$5) -> 46161
A100: Module 12: Configuration Master Data | B100: Backend Bug Fixing | C100: Backend | D100: QA Functional Testing | E100: 3 | F100: Backend Team | G100: 15-May-2026 | H100: =WORKDAY(G100,E100-1,Holidays!$A$2:$A$5) -> 46161
...

Sheet Holidays
A1: Holiday Date
A2: 01-Jan-2026
A3: 26-Jan-2026
A4: 04-Mar-2026
A5: 01-May-2026
