Workbook

Sheet Phase 2
A1: Module | B1: Task | C1: Component | D1: Dependency | E1: Estimates (Days) | F1: Resource | G1: Planned Start Date | H1: Planned End Date | I1: Milestone
A2: All Modules | B2: Unified UI Wireframe & UX Research | C2: UI | D2: Project Start | E2: 6 | F2: UX Designer | G2: 06-Jan-2026 | H2: =WORKDAY(G2,E2-1,Holidays!$A$2:$A$5) -> 46035
B3: KT Sessions to New Resources | C3: Cross-Team | D3: UX Baseline Approved | E3: 5 | F3: Leads (Backend/UI/QA) | G3: 19-Jan-2026 | I3: KT Completed
B4: Wireframe Review & Sign-off | C4: UI | D4: Unified UI Wireframe & UX Research | E4: 4 | F4: UX + Stakeholders | G4: 12-Jan-2026 | H4: =WORKDAY(G3,E3-1,Holidays!$A$2:$A$5) -> 46045 | I4: UX Baseline Approved
A5: Module 1: API Connector Master | B5: System Analysis | C5: Backend | D5: Development Kickoff | E5: 3 | F5: Backend Architect | G5: 20-Jan-2026
B6: Connector Module Implementation | C6: Backend | D6: System Analysis | E6: 5 | F6: Backend Team | G6: 20-Jan-2026
B7: Token Logic Implementation | C7: Backend | D7: Connector Module Implementation | E7: 4 | F7: Backend Team | G7: 20-Jan-2026
B8: Connector Model & Token Logic | C8: Backend | D8: Development Kickoff | E8: 14 | F8: Backend Team | G8: 20-Jan-2026 | H8: =WORKDAY(G8,E8-1,Holidays!$A$2:$A$5) -> 46062
B9: API Connector UI | C9: UI | D9: UX Baseline Approved | E9: 12 | F9: UI Team | G9: 01-Feb-2026 | H9: =WORKDAY(G9,E9-1,Holidays!$A$2:$A$5) -> 46069
B10: QA Test Scenario & Data Preparation | C10: QA | D10: Connector Model & Token Logic | E10: 4 | F10: QA Team | G10: 01-Feb-2026 | H10: =WORKDAY(G10,E10-1,Holidays!$A$2:$A$5) -> 46057
B11: QA Functional & Integration Testing | C11: QA | D11: API Connector UI | E11: 6 | F11: QA Team | G11: 10-Feb-2026 | H11: =WORKDAY(G11,E11-1,Holidays!$A$2:$A$5) -> 46070
B12: Backend Bug Fixing | C12: Backend | D12: QA Functional Testing | E12: 3 | F12: Backend Team | G12: 19-Feb-2026 | H12: =WORKDAY(G12,E12-1,Holidays!$A$2:$A$5) -> 46076
B13: UI Bug Fixing | C13: UI | D13: QA Functional Testing | E13: 2 | F13: UI Team | G13: 19-Feb-2026 | H13: =WORKDAY(G13,E13-1,Holidays!$A$2:$A$5) -> 46073
B14: QA Bug Retest & Stabilization | C14: QA | D14: Backend Bug Fixing & UI Bug Fixing | E14: 2 | F14: QA Team | G14: 19-Feb-2026 | H14: =WORKDAY(G14,E14-1,Holidays!$A$2:$A$5) -> 46073 | I14: Module 2 Complete
A15: Module 2: DB Connector Master | B15: System Analysis | C15: Backend | D15: Development Kickoff | E15: 3 | F15: Backend Architect | G15: 01-Feb-2026
B16: Connector Module Implementation | C16: Backend | D16: System Analysis | E16: 5 | F16: Backend Team | G16: 01-Feb-2026
B17: Token Logic Implementation | C17: Backend | D17: Connector Module Implementation | E17: 4 | F17: Backend Team | G17: 01-Feb-2026
B18: DB Connector Backend & Pooling | C18: Backend | D18: Development Kickoff | E18: 14 | F18: Backend Team | G18: 01-Feb-2026 | H18: =WORKDAY(G15,E15-1,Holidays!$A$2:$A$5) -> 46056
B19: DB Connector UI | C19: UI | D19: UX Baseline Approved | E19: 10 | F19: UI Team | G19: 15-Feb-2026 | H19: =WORKDAY(G16,E16-1,Holidays!$A$2:$A$5) -> 46058
B20: QA Test Case Design & Query Validation | C20: QA | D20: DB Connector Backend & Pooling | E20: 4 | F20: QA Team | G20: 15-Feb-2026 | H20: =WORKDAY(G17,E17-1,Holidays!$A$2:$A$5) -> 46057
B21: QA Functional & Data Accuracy Testing | C21: QA | D21: DB Connector UI | E21: 6 | F21: QA Team | G21: 21-Feb-2026 | H21: =WORKDAY(G18,E18-1,Holidays!$A$2:$A$5) -> 46071
B22: Backend Bug Fixing | C22: Backend | D22: QA Functional Testing | E22: 3 | F22: Backend Team | G22: 01-Mar-2026 | H22: =WORKDAY(G19,E19-1,Holidays!$A$2:$A$5) -> 46079
B23: UI Bug Fixing | C23: UI | D23: QA Functional Testing | E23: 2 | F23: UI Team | G23: 01-Mar-2026 | H23: =WORKDAY(G20,E20-1,Holidays!$A$2:$A$5) -> 46071
B24: QA Bug Retest & Regression | C24: QA | D24: Backend Bug Fixing & UI Bug Fixing | E24: 2 | F24: QA Team | G24: 01-Mar-2026 | H24: =WORKDAY(G21,E21-1,Holidays!$A$2:$A$5) -> 46080 | I24: Module 3 Complete
A25: Module 3: Test Case Management | B25: Test Case CRUD & Versioning APIs | C25: Backend | D25: Module 2 Complete | E25: 20 | F25: Backend Team | G25: 10-Feb-2026 | H25: =WORKDAY(G22,E22-1,Holidays!$A$2:$A$5) -> 46084
B26: Test Case Management UI | C26: UI | D26: UX Baseline Approved | E26: 18 | F26: UI Team | G26: 20-Feb-2026 | H26: =WORKDAY(G23,E23-1,Holidays!$A$2:$A$5) -> 46083
B27: QA Test Case Design & Rule Matrix | C27: QA | D27: Test Case CRUD & Versioning APIs | E27: 5 | F27: QA Team | G27: 05-Mar-2026 | H27: =WORKDAY(G24,E24-1,Holidays!$A$2:$A$5) -> 46083
B28: QA Functional & UI Validation | C28: QA | D28: Test Case Management UI | E28: 7 | F28: QA Team | G28: 11-Mar-2026 | H28: =WORKDAY(G25,E25-1,Holidays!$A$2:$A$5) -> 46091
B29: Backend Bug Fixing | C29: Backend | D29: QA Functional Testing | E29: 3 | F29: Backend Team | G29: 21-Mar-2026 | H29: =WORKDAY(G26,E26-1,Holidays!$A$2:$A$5) -> 46099
B30: UI Bug Fixing | C30: UI | D30: QA Functional Testing | E30: 2 | F30: UI Team | G30: 21-Mar-2026 | H30: =WORKDAY(G27,E27-1,Holidays!$A$2:$A$5) -> 46092
B31: QA Bug Retest & Version Validation | C31: QA | D31: Backend Bug Fixing & UI Bug Fixing | E31: 3 | F31: QA Team | G31: 21-Mar-2026 | H31: =WORKDAY(G28,E28-1,Holidays!$A$2:$A$5) -> 46100 | I31: Test Case Creation Ready
A32: Module 4: Bulk Test Case Import | B32: Import Template Design (CSV/Excel) | C32: Backend | D32: Test Case Creation Ready | E32: 5 | F32: Backend + QA | G32: 01-Apr-2026 | H32: =WORKDAY(G29,E29-1,Holidays!$A$2:$A$5) -> 46105 | I32: Template Finalized
B33: Bulk Import Parser & Validation | C33: Backend | D33: Import Template Design (CSV/Excel) | E33: 10 | F33: Backend Team | G33: 06-Apr-2026 | H33: =WORKDAY(G30,E30-1,Holidays!$A$2:$A$5) -> 46104
B34: Bulk Import UI | C34: UI | D34: UX Baseline Approved | E34: 8 | F34: UI Team | G34: 05-Apr-2026 | H34: =WORKDAY(G31,E31-1,Holidays!$A$2:$A$5) -> 46105
B35: QA Template Review & Test Data Prep | C35: QA | D35: Import Template Design (CSV/Excel) | E35: 3 | F35: QA Team | G35: 03-Apr-2026 | H35: =WORKDAY(G32,E32-1,Holidays!$A$2:$A$5) -> 46119
B36: QA Bulk Import Functional Testing | C36: QA | D36: Bulk Import Parser & Validation | E36: 4 | F36: QA Team | G36: 19-Apr-2026 | H36: =WORKDAY(G33,E33-1,Holidays!$A$2:$A$5) -> 46129
B37: Backend Bug Fixing | C37: Backend | D37: QA Functional Testing | E37: 3 | F37: Backend Team | G37: 25-Apr-2026 | H37: =WORKDAY(G34,E34-1,Holidays!$A$2:$A$5) -> 46126
B38: UI Bug Fixing | C38: UI | D38: QA Functional Testing | E38: 2 | F38: UI Team | G38: 25-Apr-2026 | H38: =WORKDAY(G35,E35-1,Holidays!$A$2:$A$5) -> 46119
B39: QA Bug Retest & Partial Success Validation | C39: QA | D39: Backend Bug Fixing & UI Bug Fixing | E39: 2 | F39: QA Team | G39: 25-Apr-2026 | H39: =WORKDAY(G36,E36-1,Holidays!$A$2:$A$5) -> 46134 | I39: Bulk Import Ready
A40: Module 5: Test Execution Engine | B40: Execution Engine Core Services | C40: Backend | D40: Module 4 Complete | E40: 20 | F40: Backend Team | G40: 01-Mar-2026 | H40: =WORKDAY(G37,E37-1,Holidays!$A$2:$A$5) -> 46140
B41: Execution Trigger & Status UI | C41: UI | D41: UX Baseline Approved | E41: 12 | F41: UI Team | G41: 15-Mar-2026 | H41: =WORKDAY(G38,E38-1,Holidays!$A$2:$A$5) -> 46139
B42: QA Test Scenario Design (Execution Flow) | C42: QA | D42: Execution Engine Core Services | E42: 4 | F42: QA Team | G42: 20-Mar-2026 | H42: =WORKDAY(G39,E39-1,Holidays!$A$2:$A$5) -> 46139
B43: QA Execution & Parallel Run Testing | C43: QA | D43: Execution Trigger & Status UI | E43: 7 | F43: QA Team | G43: 01-Apr-2026 | H43: =WORKDAY(G40,E40-1,Holidays!$A$2:$A$5) -> 46108
B44: Backend Bug Fixing | C44: Backend | D44: QA Functional Testing | E44: 3 | F44: Backend Team | G44: 11-Apr-2026 | H44: =WORKDAY(G41,E41-1,Holidays!$A$2:$A$5) -> 46111
B45: UI Bug Fixing | C45: UI | D45: QA Functional Testing | E45: 2 | F45: UI Team | G45: 11-Apr-2026 | H45: =WORKDAY(G42,E42-1,Holidays!$A$2:$A$5) -> 46106
B46: QA Bug Retest & Stability Validation | C46: QA | D46: Backend Bug Fixing & UI Bug Fixing | E46: 4 | F46: QA Team | G46: 11-Apr-2026 | H46: =WORKDAY(G43,E43-1,Holidays!$A$2:$A$5) -> 46121 | I46: Execution Engine Stable
A47: Module 6: Test Pack & Scheduling | B47: Scheduler & Pack Mapping APIs | C47: Backend | D47: Execution Engine Stable | E47: 10 | F47: Backend Team | G47: 01-Apr-2026 | H47: =WORKDAY(G44,E44-1,Holidays!$A$2:$A$5) -> 46126
B48: Test Pack UI & Scheduling | C48: UI | D48: UX Baseline Approved | E48: 8 | F48: UI Team | G48: 05-Apr-2026 | H48: =WORKDAY(G45,E45-1,Holidays!$A$2:$A$5) -> 46125
B49: QA Scheduling Scenario Design | C49: QA | D49: Scheduler & Pack Mapping APIs | E49: 3 | F49: QA Team | G49: 10-Apr-2026 | H49: =WORKDAY(G46,E46-1,Holidays!$A$2:$A$5) -> 46127
B50: QA Schedule Execution Testing | C50: QA | D50: Test Pack UI & Scheduling | E50: 3 | F50: QA Team | G50: 16-Apr-2026 | H50: =WORKDAY(G47,E47-1,Holidays!$A$2:$A$5) -> 46126
B51: Backend Bug Fixing | C51: Backend | D51: QA Functional Testing | E51: 3 | F51: Backend Team | G51: 21-Apr-2026 | H51: =WORKDAY(G48,E48-1,Holidays!$A$2:$A$5) -> 46126
B52: UI Bug Fixing | C52: UI | D52: QA Functional Testing | E52: 2 | F52: UI Team | G52: 21-Apr-2026 | H52: =WORKDAY(G49,E49-1,Holidays!$A$2:$A$5) -> 46126
B53: QA Bug Retest & Retry Validation | C53: QA | D53: Backend Bug Fixing & UI Bug Fixing | E53: 2 | F53: QA Team | G53: 21-Apr-2026 | H53: =WORKDAY(G50,E50-1,Holidays!$A$2:$A$5) -> 46132 | I53: Scheduling Ready
A54: Module 7: Validation Engine | B54: Validation Rule Engine & DB Compare | C54: Backend | D54: Execution Engine Stable | E54: 14 | F54: Backend Team | G54: 10-Apr-2026 | H54: =WORKDAY(G51,E51-1,Holidays!$A$2:$A$5) -> 46135
B55: QA Rule Coverage & Expected Data Prep | C55: QA | D55: Validation Rule Engine & DB Compare | E55: 4 | F55: QA Team | G55: 25-Apr-2026 | H55: =WORKDAY(G52,E52-1,Holidays!$A$2:$A$5) -> 46134
B56: QA Validation Accuracy Testing | C56: QA | D56: QA Rule Coverage & Expected Data Prep | E56: 4 | F56: QA Team | G56: 01-May-2026 | H56: =WORKDAY(G53,E53-1,Holidays!$A$2:$A$5) -> 46134
B57: Backend Bug Fixing | C57: Backend | D57: QA Functional Testing | E57: 3 | F57: Backend Team | G57: 07-May-2026 | H57: =WORKDAY(G54,E54-1,Holidays!$A$2:$A$5) -> 46141
B58: UI Bug Fixing | C58: UI | D58: QA Functional Testing | E58: 2 | F58: UI Team | G58: 07-May-2026 | H58: =WORKDAY(G55,E55-1,Holidays!$A$2:$A$5) -> 46141
B59: QA Bug Retest & Rule Stabilization | C59: QA | D59: Backend Bug Fixing & UI Bug Fixing | E59: 4 | F59: QA Team | G59: 07-May-2026 | H59: =WORKDAY(G56,E56-1,Holidays!$A$2:$A$5) -> 46148 | I59: Validation Engine Ready
A60: Module 8: HTML Report & Audit | B60: HTML Report & Audit APIs | C60: Backend | D60: Validation Engine Ready | E60: 10 | F60: Backend Team | G60: 15-Apr-2026 | H60: =WORKDAY(G57,E57-1,Holidays!$A$2:$A$5) -> 46153
B61: Report View UI & Export | C61: UI | D61: UX Baseline Approved | E61: 8 | F61: UI Team | G61: 18-Apr-2026 | H61: =WORKDAY(G58,E58-1,Holidays!$A$2:$A$5) -> 46150
B62: QA Report Structure & Data Mapping Review | C62: QA | D62: HTML Report & Audit APIs | E62: 3 | F62: QA Team | G62: 25-Apr-2026 | H62: =WORKDAY(G59,E59-1,Holidays!$A$2:$A$5) -> 46154
B63: QA Report Functional & Export Testing | C63: QA | D63: Report View UI & Export | E63: 3 | F63: QA Team | G63: 01-May-2026 | H63: =WORKDAY(G60,E60-1,Holidays!$A$2:$A$5) -> 46140
B64: Backend Bug Fixing | C64: Backend | D64: QA Functional Testing | E64: 3 | F64: Backend Team | G64: 07-May-2026 | H64: =WORKDAY(G61,E61-1,Holidays!$A$2:$A$5) -> 46140
B65: UI Bug Fixing | C65: UI | D65: QA Functional Testing | E65: 2 | F65: UI Team | G65: 07-May-2026 | H65: =WORKDAY(G62,E62-1,Holidays!$A$2:$A$5) -> 46140
B66: QA Bug Retest & Audit Validation | C66: QA | D66: Backend Bug Fixing & UI Bug Fixing | E66: 2 | F66: QA Team | G66: 07-May-2026 | H66: =WORKDAY(G63,E63-1,Holidays!$A$2:$A$5) -> 46147 | I66: Reporting Ready
A67: Module 9: Execution Dashboard | B67: Execution Aggregation APIs | C67: Backend | D67: HTML Report & Audit APIs | E67: 10 | F67: Backend Team | G67: 20-Apr-2026 | H67: =WORKDAY(G64,E64-1,Holidays!$A$2:$A$5) -> 46153
B68: Execution Dashboard UI | C68: UI | D68: UX Baseline Approved | E68: 8 | F68: UI Team | G68: 25-Apr-2026 | H68: =WORKDAY(G65,E65-1,Holidays!$A$2:$A$5) -> 46150
B69: QA Dashboard Metric Validation | C69: QA | D69: Execution Aggregation APIs | E69: 3 | F69: QA Team | G69: 01-May-2026 | H69: =WORKDAY(G66,E66-1,Holidays!$A$2:$A$5) -> 46150
B70: QA Dashboard UI & Data Testing | C70: QA | D70: Execution Dashboard UI | E70: 3 | F70: QA Team | G70: 06-May-2026 | H70: =WORKDAY(G67,E67-1,Holidays!$A$2:$A$5) -> 46146
B71: Backend Bug Fixing | C71: Backend | D71: QA Functional Testing | E71: 3 | F71: Backend Team | G71: 11-May-2026 | H71: =WORKDAY(G68,E68-1,Holidays!$A$2:$A$5) -> 46148
B72: UI Bug Fixing | C72: UI | D72: QA Functional Testing | E72: 2 | F72: UI Team | G72: 11-May-2026 | H72: =WORKDAY(G69,E69-1,Holidays!$A$2:$A$5) -> 46147
B73: QA Bug Retest & Trend Validation | C73: QA | D73: Backend Bug Fixing & UI Bug Fixing | E73: 2 | F73: QA Team | G73: 11-May-2026 | H73: =WORKDAY(G70,E70-1,Holidays!$A$2:$A$5) -> 46150 | I73: Dashboard Ready
A74: Module 10: Test Coverage Dashboard | B74: Coverage Calculation APIs | C74: Backend | D74: Test Case Creation Ready | E74: 8 | F74: Backend Team | G74: 25-Apr-2026 | H74: =WORKDAY(G71,E71-1,Holidays!$A$2:$A$5) -> 46155
B75: Coverage Dashboard UI | C75: UI | D75: UX Baseline Approved | E75: 8 | F75: UI Team | G75: 01-May-2026 | H75: =WORKDAY(G72,E72-1,Holidays!$A$2:$A$5) -> 46154
B76: QA Coverage Rule Mapping Review | C76: QA | D76: Coverage Calculation APIs | E76: 3 | F76: QA Team | G76: 06-May-2026 | H76: =WORKDAY(G73,E73-1,Holidays!$A$2:$A$5) -> 46154
B77: QA Coverage Accuracy Testing | C77: QA | D77: Coverage Dashboard UI | E77: 3 | F77: QA Team | G77: 11-May-2026 | H77: =WORKDAY(G74,E74-1,Holidays!$A$2:$A$5) -> 46148
B78: Backend Bug Fixing | C78: Backend | D78: QA Functional Testing | E78: 3 | F78: Backend Team | G78: 16-May-2026 | H78: =WORKDAY(G75,E75-1,Holidays!$A$2:$A$5) -> 46154
B79: UI Bug Fixing | C79: UI | D79: QA Functional Testing | E79: 2 | F79: UI Team | G79: 16-May-2026 | H79: =WORKDAY(G76,E76-1,Holidays!$A$2:$A$5) -> 46150
B80: QA Bug Retest & Coverage Stabilization | C80: QA | D80: Backend Bug Fixing & UI Bug Fixing | E80: 2 | F80: QA Team | G80: 16-May-2026 | H80: =WORKDAY(G77,E77-1,Holidays!$A$2:$A$5) -> 46155 | I80: Coverage Ready
A81: Module 11: Health Check & System Monitoring | B81: Health Check API Design & Contract | C81: Backend | D81: Development Kickoff | E81: 3 | F81: Backend Architect | G81: 04-May-2026 | H81: =WORKDAY(G85,E85-1,Holidays!$A$2:$A$5) -> 46161
B82: Service-Level Health Check APIs (API/DB/Token) | C82: Backend | D82: Health Check API Design & Contract | E82: 7 | F82: Backend Team | G82: 07-May-2026 | H82: =WORKDAY(G86,E86-1,Holidays!$A$2:$A$5) -> 46136
B83: Health Status UI (Optional / Admin View) | C83: UI | D83: UX Baseline Approved | E83: 5 | F83: UI Team | G83: 10-May-2026 | H83: =WORKDAY(G87,E87-1,Holidays!$A$2:$A$5) -> 46162
B84: QA Health Scenario Design | C84: QA | D84: Health Check API Design & Contract | E84: 2 | F84: QA Team | G84: 04-May-2026 | H84: =WORKDAY(G88,E88-1,Holidays!$A$2:$A$5) -> 46167
B85: QA Health Check Validation | C85: QA | D85: Service-Level Health Check APIs (API/DB/Token) | E85: 4 | F85: QA Team | G85: 14-May-2026 | H85: =WORKDAY(G89,E89-1,Holidays!$A$2:$A$5) -> 46157 | I85: Health Check Ready
A86: Module 12: User Management & Security | B86: Auth Strategy & RBAC Design | C86: Backend | D86: Development Kickoff | E86: 5 | F86: Backend Architect | G86: 20-Apr-2026 | H86: =WORKDAY(G4,E4-1,Holidays!$A$2:$A$5) -> 46037
B87: Auth APIs & Middleware | C87: Backend | D87: Auth Strategy & RBAC Design | E87: 18 | F87: Backend Team | G87: 25-Apr-2026 | H87: =WORKDAY(#REF!,#REF!-1,Holidays!$A$2:$A$5) -> #REF!
B88: User / Role / Login UI | C88: UI | D88: UX Baseline Approved | E88: 15 | F88: UI Team | G88: 05-May-2026 | H88: =WORKDAY(#REF!,#REF!-1,Holidays!$A$2:$A$5) -> #REF!
B89: QA Test Scenario & Test Case Design | C89: QA | D89: Auth Strategy & RBAC Design | E89: 5 | F89: QA Team | G89: 11-May-2026 | H89: =WORKDAY(#REF!,#REF!-1,Holidays!$A$2:$A$5) -> #REF!
B90: QA Functional Testing | C90: QA | D90: Auth APIs & Middleware | E90: 7 | F90: QA Team | G90: 16-May-2026 | H90: =WORKDAY(#REF!,#REF!-1,Holidays!$A$2:$A$5) -> #REF!
B91: Backend Bug Fixing | C91: Backend | D91: QA Functional Testing | E91: 3 | F91: Backend Team | G91: 16-May-2026 | H91: =WORKDAY(G5,E5-1,Holidays!$A$2:$A$5) -> 46044
B92: UI Bug Fixing | C92: UI | D92: QA Functional Testing | E92: 2 | F92: UI Team | G92: 16-May-2026 | H92: =WORKDAY(G6,E6-1,Holidays!$A$2:$A$5) -> 46049
B93: QA Bug Retest & Regression | C93: QA | D93: Backend Bug Fixing & UI Bug Fixing | E93: 3 | F93: QA Team | G93: 16-May-2026 | H93: =WORKDAY(G7,E7-1,Holidays!$A$2:$A$5) -> 46045 | I93: Module 1 Complete
A94: Module 13: Configuration Master Data | B94: Master Data CRUD & RBAC APIs | C94: Backend | D94: Module 1 Complete | E94: 12 | F94: Backend Team | G94: 20-Apr-2026 | H94: =WORKDAY(G78,E78-1,Holidays!$A$2:$A$5) -> 46161
B95: Configuration Screens UI | C95: UI | D95: UX Baseline Approved | E95: 10 | F95: UI Team | G95: 25-Apr-2026 | H95: =WORKDAY(G79,E79-1,Holidays!$A$2:$A$5) -> 46160
B96: QA Master Data Scenario Design | C96: QA | D96: Master Data CRUD & RBAC APIs | E96: 3 | F96: QA Team | G96: 05-May-2026 | H96: =WORKDAY(G80,E80-1,Holidays!$A$2:$A$5) -> 46160
B97: QA CRUD & RBAC Validation | C97: QA | D97: Configuration Screens UI | E97: 3 | F97: QA Team | G97: 11-May-2026 | H97: =WORKDAY(G81,E81-1,Holidays!$A$2:$A$5) -> 46148
B98: Backend Bug Fixing | C98: Backend | D98: QA Functional Testing | E98: 3 | F98: Backend Team | G98: 16-May-2026 | H98: =WORKDAY(G82,E82-1,Holidays!$A$2:$A$5) -> 46157
B99: UI Bug Fixing | C99: UI | D99: QA Functional Testing | E99: 2 | F99: UI Team | G99: 16-May-2026 | H99: =WORKDAY(G83,E83-1,Holidays!$A$2:$A$5) -> 46156
B100: QA Bug Retest & Regression | C100: QA | D100: Backend Bug Fixing & UI Bug Fixing | E100: 2 | F100: QA Team | G100: 16-May-2026 | H100: =WORKDAY(G84,E84-1,Holidays!$A$2:$A$5) -> 46147 | I100: Configuration Ready
...

Sheet Holidays
A1: Holiday Date
A2: 01-Jan-2026
A3: 26-Jan-2026
A4: 04-Mar-2026
A5: 01-May-2026
